{
	"variables": [],
	"info": {
		"name": "adoredress-api",
		"_postman_id": "94580b75-abd2-b81d-7786-46e0ab718978",
		"description": "",
		"schema": "https://schema.getpostman.com/json/collection/v2.0.0/collection.json"
	},
	"item": [
		{
			"name": "01. General",
			"description": "",
			"item": []
		},
		{
			"name": "02. Authentication",
			"description": "",
			"item": [
				{
					"name": "auth/register",
					"request": {
						"url": "http://128.199.215.254/api/v1/auth/register",
						"method": "POST",
						"header": [],
						"body": {
							"mode": "formdata",
							"formdata": [
								{
									"key": "username",
									"value": "admin",
									"description": "",
									"type": "text"
								},
								{
									"key": "password",
									"value": "admin1",
									"description": "6 <= password <=45",
									"type": "text"
								},
								{
									"key": "image",
									"value": "admin image",
									"description": "",
									"type": "text"
								},
								{
									"key": "name",
									"value": "name",
									"description": "",
									"type": "text"
								},
								{
									"key": "phone",
									"value": "0123456789",
									"description": "",
									"type": "text"
								},
								{
									"key": "client_id",
									"value": "1",
									"description": "",
									"type": "text"
								},
								{
									"key": "dateOfBith",
									"value": "11/07/2017",
									"description": "",
									"type": "text"
								},
								{
									"key": "email",
									"value": "huynq85@gmail.com",
									"description": "",
									"type": "text"
								},
								{
									"key": "address",
									"value": "admin address",
									"description": "",
									"type": "text"
								}
							]
						},
						"description": ""
					},
					"response": []
				},
				{
					"name": "auth/login",
					"request": {
						"url": "http://adoredress/api/v1/auth/login",
						"method": "POST",
						"header": [],
						"body": {
							"mode": "formdata",
							"formdata": [
								{
									"key": "username",
									"value": "admin",
									"description": "",
									"type": "text"
								},
								{
									"key": "password",
									"value": "admin1",
									"description": "6 <= password <=45",
									"type": "text"
								}
							]
						},
						"description": "\t"
					},
					"response": []
				},
				{
					"name": "auth/emailPassword",
					"request": {
						"url": "http://adoredress/api/v1/auth/emailPassword",
						"method": "POST",
						"header": [],
						"body": {
							"mode": "formdata",
							"formdata": [
								{
									"key": "email",
									"value": "huynq85@gmail.com",
									"description": "",
									"type": "text"
								}
							]
						},
						"description": ""
					},
					"response": []
				},
				{
					"name": "auth/resetPassword",
					"request": {
						"url": "http://adoredress/api/v1/auth/resetPassword",
						"method": "POST",
						"header": [],
						"body": {
							"mode": "formdata",
							"formdata": [
								{
									"key": "token",
									"value": "1bd91d73c20737c3cab6935f293aebc3fb8181c6eddcf2223c8547b22a156279",
									"description": "",
									"type": "text"
								},
								{
									"key": "email",
									"value": "huynq85@gmail.com",
									"description": "",
									"type": "text"
								},
								{
									"key": "password",
									"value": "a12345",
									"description": "6 <= password <=45",
									"type": "text"
								},
								{
									"key": "password_confirmation",
									"value": "a12345",
									"description": "6 <= password <=45",
									"type": "text"
								}
							]
						},
						"description": ""
					},
					"response": []
				}
			]
		},
		{
			"name": "03. Groups",
			"description": "",
			"item": []
		},
		{
			"name": "04. Users",
			"description": "",
			"item": []
		},
		{
			"name": "05. Projects",
			"description": "",
			"item": []
		},
		{
			"name": "06. Categories",
			"description": "",
			"item": []
		},
		{
			"name": "07. Designs",
			"description": "",
			"item": []
		}
	]
}